tmsid,station_call_sign,station_name,notes
10102,CPTVSPT,Connecticut Spirit Network,reported dead/generic guide data (issue #58)
11059,SNRM,SportsNet Rocky Mountain,reported dead/generic guide data (issue #58)
12800,DITV125,DITV125,reported dead/generic guide data (issue #58)
14782,PPVP,PPVP/Pay-Per-View Previews,reported dead/generic guide data (issue #58)
26547,CFOX,CFOX FM Radio,reported dead/generic guide data (issue #58)
26548,CFMI,CFMI FM Radio,reported dead/generic guide data (issue #58)
26550,CJCL,CJCL AM Radio,reported dead/generic guide data (issue #58)
26600,CFGQ,CFGQ FM Radio,reported dead/generic guide data (issue #58)
31303,DITV124,DITV124,reported dead/generic guide data (issue #58)
31697,DITV191,DITV191,reported dead/generic guide data (issue #58)
31698,DITV582,DITV582,reported dead/generic guide data (issue #58)
31973,DITV192,DITV192,reported dead/generic guide data (issue #58)
32181,DITV583,DITV583,reported dead/generic guide data (issue #58)
34274,WEDNDT3,WEDN-DT3,reported dead/generic guide data (issue #58)
44311,DITV161,DITV161 (DIRECTV),reported dead/generic guide data (issue #58)
46174,DITV584,DITV584,reported dead/generic guide data (issue #58)
47216,NFLRZ,NFL SUNDAY TICKET RED ZONE,reported dead/generic guide data (issue #58)
60629,DITV193,DITV193,reported dead/generic guide data (issue #58)
94794,RSEG,Regional Sports Extra Games,reported dead/generic guide data (issue #58)
101419,REALXTR,Real Extreme,reported dead/generic guide data (issue #58)
101585,ETVURDU,ETV Urdu,reported dead/generic guide data (issue #58)
105264,ANDTVHD,&tv HD,reported dead/generic guide data (issue #58)
109168,BKNGDC,NBA League Pass Brooklyn,reported dead/generic guide data (issue #58)
109169,BOSGDC,NBA League Pass Boston,reported dead/generic guide data (issue #58)
109170,CHAGDC,NBA League Pass Charlotte,reported dead/generic guide data (issue #58)
109171,CHIGDC,NBA League Pass Chicago,reported dead/generic guide data (issue #58)
109172,CLEGDC,NBA League Pass Cleveland,reported dead/generic guide data (issue #58)
109173,DALGDC,NBA League Pass Dallas,reported dead/generic guide data (issue #58)
109174,DENGDC,NBA League Pass Denver,reported dead/generic guide data (issue #58)
109175,DETGDC,NBA League Pass Detroit,reported dead/generic guide data (issue #58)
109176,GSWGDC,NBA League Pass Golden State,reported dead/generic guide data (issue #58)
109177,HOUGDC,NBA League Pass Houston,reported dead/generic guide data (issue #58)
109178,INDGDC,NBA League Pass Indiana,reported dead/generic guide data (issue #58)
109179,LACGDC,NBA League Pass LA Clippers,reported dead/generic guide data (issue #58)
109180,LALGDC,NBA League Pass LA Lakers,reported dead/generic guide data (issue #58)
109181,MEMGDC,NBA League Pass Memphis,reported dead/generic guide data (issue #58)
109182,MIAGDC,NBA League Pass Miami,reported dead/generic guide data (issue #58)
109183,MILGDC,NBA League Pass Milwaukee,reported dead/generic guide data (issue #58)
109185,MINGDC,NBA League Pass Minnesota,reported dead/generic guide data (issue #58)
109186,NOPGDC,NBA League Pass New Orleans,reported dead/generic guide data (issue #58)
109187,NYKGDC,NBA League Pass NY Knicks,reported dead/generic guide data (issue #58)
109188,OKCGDC,NBA League Pass Oklahoma City,reported dead/generic guide data (issue #58)
109189,ORLGDC,NBA League Pass Orlando,reported dead/generic guide data (issue #58)
109191,PHIGDC,NBA League Pass Philadelphia,reported dead/generic guide data (issue #58)
109200,PHXGDC,NBA League Pass Phoenix,reported dead/generic guide data (issue #58)
109201,PORGDC,NBA League Pass Portland,reported dead/generic guide data (issue #58)
109202,SACGDC,NBA League Pass Sacramento,reported dead/generic guide data (issue #58)
109203,SASGDC,NBA League Pass San Antonio,reported dead/generic guide data (issue #58)
109205,TORGDC,NBA League Pass Toronto,reported dead/generic guide data (issue #58)
109206,UTAGDC,NBA League Pass Utah,reported dead/generic guide data (issue #58)
109207,WASGDC,NBA League Pass Washington,reported dead/generic guide data (issue #58)
110356,TPCSTR,The Pet Collective Stream,reported dead/generic guide data (issue #58)
113037,REALVIS,Real Vision TV,reported dead/generic guide data (issue #58)
113680,PK4,Dungeons and Dragons,reported dead/generic guide data (issue #58)
113700,THISSTR,thisTV Stream,reported dead/generic guide data (issue #58)
114139,PK21,CNBC Make It,reported dead/generic guide data (issue #58)
114141,PK23,Tis the Season,reported dead/generic guide data (issue #58)
114143,PK25,Chrisley Knows Best,reported dead/generic guide data (issue #58)
114614,PTVSP,Pluto TV Spotlight,reported dead/generic guide data (issue #58)
114617,PTVBLC,Black Cinema,reported dead/generic guide data (issue #58)
114633,PTVNBC,NBC News,reported dead/generic guide data (issue #58)
114638,PTVCBN,Cheddar,reported dead/generic guide data (issue #58)
114670,PTVWPT,World Poker Tour,reported dead/generic guide data (issue #58)
114699,PTVDTBH,Dog the Bounty Hunter,reported dead/generic guide data (issue #58)
114701,PTVCCF,Cold Case Files,reported dead/generic guide data (issue #58)
114721,PTVGRK,Gordon Ramsay's Kitchen,reported dead/generic guide data (issue #58)
114872,DRAMSTR,So... Dramatic,reported dead/generic guide data (issue #58)
114894,PTV007,Pluto TV 007,reported dead/generic guide data (issue #58)
114895,PTVCOM,Pluto TV Comedy,reported dead/generic guide data (issue #58)
114897,PTVMTV,MTV Pluto TV,reported dead/generic guide data (issue #58)
114898,PTVVH1,VH1 I Love Reality,reported dead/generic guide data (issue #58)
114913,PTVVHHF,Pluto VH1 Hip Hop Family,reported dead/generic guide data (issue #58)
114914,PTVBET,BET Pluto TV,reported dead/generic guide data (issue #58)
114915,PTVSPK,Spike Pluto TV,reported dead/generic guide data (issue #58)
114916,PTVTELE,Telemundo Telenovelas,reported dead/generic guide data (issue #58)
114917,PTVINVE,Pluto TV Investiga,reported dead/generic guide data (issue #58)
114918,PTVCINE,Pluto TV Cine Estelar,reported dead/generic guide data (issue #58)
114920,PTVSPKO,Pluto Spike Outdoors,reported dead/generic guide data (issue #58)
114944,PTVBAY,Pluto Baywatch,reported dead/generic guide data (issue #58)
114945,PTVSAMC,Pluto Stories by AMC,reported dead/generic guide data (issue #58)
114949,PTVLAND,TV Land Drama,reported dead/generic guide data (issue #58)
114950,PTVNOSE,Nosey,reported dead/generic guide data (issue #58)
114951,PTVDEG,Degrassi,reported dead/generic guide data (issue #58)
114952,PTVBRIT,British TV,reported dead/generic guide data (issue #58)
114956,PTVELCT,Pluto TV Election,reported dead/generic guide data (issue #58)
114958,PTVCNN,Pluto CNN,reported dead/generic guide data (issue #58)
114966,PTVLHHP,Pluto VH1 Love & Hip Hop,reported dead/generic guide data (issue #58)
114967,PTVRPDR,Pluto VH1 RuPaul's Drag Race,reported dead/generic guide data (issue #58)
114968,PTVDCCH,Pluto Dallas Cowboys Cheerleaders,reported dead/generic guide data (issue #58)
114969,PTVFORF,Pluto Forensic Files,reported dead/generic guide data (issue #58)
114981,PTVFRFC,Pluto Fear Factor,reported dead/generic guide data (issue #58)
114982,PTVLVRG,Pluto Leverage,reported dead/generic guide data (issue #58)
115018,PTVDOCW,Doctor Who Classic,reported dead/generic guide data (issue #58)
115019,PTVCCP,Comedy Central Pluto TV,reported dead/generic guide data (issue #58)
115020,PTVWILD,MTV Wild 'N Out,reported dead/generic guide data (issue #58)
115021,PTVTOSH,Tosh.0,reported dead/generic guide data (issue #58)
115063,PTVNFLC,Pluto NFL Channel,reported dead/generic guide data (issue #58)
115108,PTVSURF,Pluto TV Surf,reported dead/generic guide data (issue #58)
115148,PTVNKTV,Nick Pluto TV,reported dead/generic guide data (issue #58)
115151,PTVTWEN,Pluto TV Tween,reported dead/generic guide data (issue #58)
115453,PTVCOPS,Pluto COPS,reported dead/generic guide data (issue #58)
115455,PTVACTN,Pluto TV Action,reported dead/generic guide data (issue #58)
115489,PTVCARS,Pluto TV Cars,reported dead/generic guide data (issue #58)
115490,PTVHORR,Pluto TV Horror,reported dead/generic guide data (issue #58)
115491,PTVMOV,Pluto TV Movies,reported dead/generic guide data (issue #58)
115889,PTVAZR,The Amazing Race,reported dead/generic guide data (issue #58)
115890,PTVSURV,Survivor,reported dead/generic guide data (issue #58)
115892,P90210,90210,reported dead/generic guide data (issue #58)
115893,PTVCHRS,Pluto TV Christmas,reported dead/generic guide data (issue #58)
115894,PTVMIST,Pluto TV Mistletoe,reported dead/generic guide data (issue #58)
115987,PTVSTAR,Star Trek,reported dead/generic guide data (issue #58)
115994,PTVCSI,CSI,reported dead/generic guide data (issue #58)
116102,RVRYNWS,Revry News,reported dead/generic guide data (issue #58)
116355,PTVNARC,Narcos,reported dead/generic guide data (issue #58)
116646,SUPERTK,SuperTalk TV,reported dead/generic guide data (issue #58)
116709,XALPTCL,The Pet Collective,reported dead/generic guide data (issue #58)
116716,XALAMTK,America's Test Kitchen,reported dead/generic guide data (issue #58)
116725,XALXOFW,Xumo Free Westerns,reported dead/generic guide data (issue #58)
116726,XALODAM,Outdoor America,reported dead/generic guide data (issue #58)
116928,XPKLOLN,LOL Network,reported dead/generic guide data (issue #58)
117289,PTVCRIM,Pluto TV True Crime,reported dead/generic guide data (issue #58)
117292,PTVCHALL,The Challenge,reported dead/generic guide data (issue #58)
117293,PTVREAL,Pluto TV Reality,reported dead/generic guide data (issue #58)
117294,PTVIMPT,Impact Wrestling,reported dead/generic guide data (issue #58)
117296,PTVCRMO,Pluto TV Crime Movies,reported dead/generic guide data (issue #58)
117297,PTVAMTK,America's Test Kitchen,reported dead/generic guide data (issue #58)
117298,PTVPIRE,The Price Is Right: The Barker Era,reported dead/generic guide data (issue #58)
117790,XALASN,Adventure Sports Network,reported dead/generic guide data (issue #58)
117833,XALFAMF,Family Feud,reported dead/generic guide data (issue #58)
118083,XALWRD,WIRED,reported dead/generic guide data (issue #58)
118289,XALGQNT,GQ,reported dead/generic guide data (issue #58)
118290,XALVOGE,Vogue,reported dead/generic guide data (issue #58)
118292,XALAD,Architectural Digest,reported dead/generic guide data (issue #58)
118354,PTVMLB,MLB,reported dead/generic guide data (issue #58)
119047,VIZFAW,Fawesome,reported dead/generic guide data (issue #58)
119050,VIZFRFA,FilmRise Family,reported dead/generic guide data (issue #58)
119146,VIZRNOS,Real Nosey,reported dead/generic guide data (issue #58)
119151,VIZPW,PocketWatch,reported dead/generic guide data (issue #58)
119156,VIZPPTV,PeopleTV,reported dead/generic guide data (issue #58)
119225,VIZJFLG,Just For Laughs Gags,reported dead/generic guide data (issue #58)
119302,RTNTV,The Rotten Tomatoes Channel,reported dead/generic guide data (issue #58)
119647,FAWESME,Fawesome - Free Movies & TV,reported dead/generic guide data (issue #58)
120245,PTVBAR,Bar Rescue,reported dead/generic guide data (issue #58)
120631,AFVTV,Always Funny: Pranks & Fails,reported dead/generic guide data (issue #58)
120974,VIZTHME,Today's Homeowner,reported dead/generic guide data (issue #58)
120981,PTVPBRR,PBR Ridepass,reported dead/generic guide data (issue #58)
121003,VIZCRCL,Crackle Classics,reported dead/generic guide data (issue #58)
121004,VIZCRSP,Crackle Spotlight,reported dead/generic guide data (issue #58)
121015,VIZIGN1,IGN1,reported dead/generic guide data (issue #58)
121097,XMVATK,America's Test Kitchen,reported dead/generic guide data (issue #58)
121205,VVHOL,Vevo Holiday,reported dead/generic guide data (issue #58)
121421,PPLUSTEST,TEST A,reported dead/generic guide data (issue #58)
121652,GRPVNE,TheGrapevine,reported dead/generic guide data (issue #58)
121952,XMVHRT,Heartland,reported dead/generic guide data (issue #58)
122107,VIZYNGH,Young Hollywood,reported dead/generic guide data (issue #58)
122275,I24UPD,i24NEWS Updates,reported dead/generic guide data (issue #58)
122390,VIZCSSL,Chicken Soup for the Soul,reported dead/generic guide data (issue #58)
123156,AXSTNST,AXS TV Now,reported dead/generic guide data (issue #58)
123444,TEEN,iCarly TV,reported dead/generic guide data (issue #58)
123479,PATTRN,Pattrn,reported dead/generic guide data (issue #58)
123793,PTVMTVD,More TV Drama,reported dead/generic guide data (issue #58)
123802,PTVDRMA,Pluto TV Drama,reported dead/generic guide data (issue #58)
123813,PTVMTVS,More TV Sitcoms,reported dead/generic guide data (issue #58)
123816,PTVCRDR,Pluto TV Crime Drama,reported dead/generic guide data (issue #58)
123819,PTVBLTB,Black Throwbacks,reported dead/generic guide data (issue #58)
124119,ARTSTWG,ARTS TWG+,reported dead/generic guide data (issue #58)
124379,2MMONDE,2M Monde,reported dead/generic guide data (issue #58)
125037,IGN1,IGN1,reported dead/generic guide data (issue #58)
125049,CRC0622,Crackle Classics,reported dead/generic guide data (issue #58)
127467,FT,FamilyTime,reported dead/generic guide data (issue #58)
128385,XTBFBTV,FilmRise Black TV,reported dead/generic guide data (issue #58)
128547,JC,Julia Child,reported dead/generic guide data (issue #58)
129941,MYST,Mystery Alley,reported dead/generic guide data (issue #58)
131816,TOHELE,The Emeril Lagasse Channel,reported dead/generic guide data (issue #58)
132038,MXEF,Maximum Effort Channel,reported dead/generic guide data (issue #58)
132713,PATTRNC,Pattrn,reported dead/generic guide data (issue #58)
132888,XAZTRIB,The Tribeca Channel,reported dead/generic guide data (issue #58)
133219,XSLVG,Vogue,reported dead/generic guide data (issue #58)
133220,XSLWR,Wired,reported dead/generic guide data (issue #58)
133622,PTVJEOP,Jeopardy! hosted by Alex Trebek,reported dead/generic guide data (issue #58)
133815,HIP,Hipstr,reported dead/generic guide data (issue #58)
133972,DRUUSA,Drag Race Universe,reported dead/generic guide data (issue #58)
134585,MXEFC,Maximum Effort Channel Canada,reported dead/generic guide data (issue #58)
134757,XSLFRFM,FilmRise Free Movies,reported dead/generic guide data (issue #58)
134758,ROCKY,Rocky,reported dead/generic guide data (issue #58)
134761,XSLFRTC,FilmRise True Crime,reported dead/generic guide data (issue #58)
134856,ASPTVL,Aspire TV Life,reported dead/generic guide data (issue #58)
136271,CROWN,Crown,reported dead/generic guide data (issue #58)
136409,GENT,Stash TV Movie Hub,reported dead/generic guide data (issue #58)
136410,KIDSST,The Playground,reported dead/generic guide data (issue #58)
136412,THRL,Stash TV Suspense TV,reported dead/generic guide data (issue #58)
136413,HIST,Stash TV Living History,reported dead/generic guide data (issue #58)
136449,WOMN,Stash TV Her TV,reported dead/generic guide data (issue #58)
136495,SOBCAN,Shades of Black,reported dead/generic guide data (issue #58)
137066,XPLFR21,21 Jump Street,reported dead/generic guide data (issue #58)
137073,XPLFRSC,FilmRise Sci-Fi,reported dead/generic guide data (issue #58)
137219,XPLTB,Tribeca Channel,reported dead/generic guide data (issue #58)
137540,DABLFST,Dabl FAST,reported dead/generic guide data (issue #58)
137575,TIME,Time,reported dead/generic guide data (issue #58)
138320,XSLFA,FilmRise Action,reported dead/generic guide data (issue #58)
138321,XMVFD,Food52,reported dead/generic guide data (issue #58)
138877,MGMACT,MGM Presents: Action,reported dead/generic guide data (issue #58)
139575,STARGAT,STARGATE,reported dead/generic guide data (issue #58)
141705,XSLTHS,Three Stooges+,reported dead/generic guide data (issue #58)
142440,AFFM,Almost Friday,reported dead/generic guide data (issue #58)
145441,XMVLOL,LOL! Network,reported dead/generic guide data (issue #58)
145442,LAWLESS,Lawless,reported dead/generic guide data (issue #58)
145517,FDTVX,FanDuel TV Extra,reported dead/generic guide data (issue #58)
145600,WNDRYSP,Wondery Sports,reported dead/generic guide data (issue #58)
145669,MPSCIFI,MGM Presents: Horror,reported dead/generic guide data (issue #58)
147374,XMVBOB,Bob The Builder,reported dead/generic guide data (issue #58)
147642,XPLCWC,Combat War Channel,reported dead/generic guide data (issue #58)
147880,XSLRM,The Real McCoys,reported dead/generic guide data (issue #58)
147884,XSLWPV,World's Wildest Police Videos,reported dead/generic guide data (issue #58)
148563,XSLLOD,Line of Duty,reported dead/generic guide data (issue #58)
148726,XSMHOP,All Babies Channel,reported dead/generic guide data (issue #58)
148727,XSMBPOP,BatteryPOP,reported dead/generic guide data (issue #58)
149167,XAZWWP,World's Wildest Police Videos,reported dead/generic guide data (issue #58)
149441,MEATEAT,MeatEater,reported dead/generic guide data (issue #58)
151350,XALCOW,Western Bound,reported dead/generic guide data (issue #58)
151997,COMPLX,Complex,reported dead/generic guide data (issue #58)
152647,BARNEY,Barney and Friends,reported dead/generic guide data (issue #58)
152974,NITROTV,NitroCircusTV,reported dead/generic guide data (issue #58)
155370,JTVPLUS,Jewelry Television,reported dead/generic guide data (issue #58)
160302,DROOL,Drool,reported dead/generic guide data (issue #58)
160930,HELOIPO,Hello Inspo,reported dead/generic guide data (issue #58)
165045,MDHH,Million Dollar Dream Home,reported dead/generic guide data (issue #58)
167696,XMVYVF,The Yorkshire Vet & Friends,reported dead/generic guide data (issue #58)
169610,WBTVOTT,On The Telly,reported dead/generic guide data (issue #58)
177860,SAMURAI,24/7 SAMURAI-SHINOBI,reported dead/generic guide data (issue #58)
178858,SAYWHAT,CUT,reported dead/generic guide data (issue #58)
180799,FRSCP,FARSCAPE,reported dead/generic guide data (issue #58)
181859,TVPALF,ALF,reported dead/generic guide data (issue #58)
182209,FMLYHR,Family Hour,reported dead/generic guide data (issue #58)
183132,TVPHTH,Highway to Heaven,reported dead/generic guide data (issue #58)
183200,SHOWCSE,Samsung Showcase,reported dead/generic guide data (issue #58)
190749,FLWME,Follow Me,reported dead/generic guide data (issue #58)
194280,CBSADN1,CBS Net ADN 1,reported dead/generic guide data (issue #58)
194313,CBSADN2,CBS Net ADN 2,reported dead/generic guide data (issue #58)
194314,CBSADN3,CBS Net ADN 3,reported dead/generic guide data (issue #58)
194315,CBSADN4,CBS Net ADN 4,reported dead/generic guide data (issue #58)
194316,CBSADN5,CBS Net ADN 5,reported dead/generic guide data (issue #58)
194317,CBSADN6,CBS Net ADN 6,reported dead/generic guide data (issue #58)
194346,CBSADN7,CBS Net ADN 7,reported dead/generic guide data (issue #58)
194347,CBSADN8,CBS Net ADN 8,reported dead/generic guide data (issue #58)
